{
    "$schema": "https://schema.management.azure.com/schemas/2015-01-01/deploymentParameters.json#",
    "contentVersion": "1.0.0.0",
    "parameters": {
        "location": {
            "value": "eastus"
        },
        "networkInterfaceName": {
            "value": "vmad19a648"
        },
        "networkSecurityGroupId": {
            "value": "/subscriptions/411a3a82-52c3-477a-a776-6b8c95cc8f93/resourceGroups/pavilico/providers/Microsoft.Network/networkSecurityGroups/nsgPavilicoPvt"
        },
        "subnetName": {
            "value": "vnet10"
        },
        "virtualNetworkId": {
            "value": "/subscriptions/411a3a82-52c3-477a-a776-6b8c95cc8f93/resourceGroups/pavilico/providers/Microsoft.Network/virtualNetworks/vnetPavilico"
        },
        "virtualMachineName": {
            "value": "vmad19a"
        },
        "virtualMachineComputerName": {
            "value": "vmad19a"
        },
        "virtualMachineRG": {
            "value": "pavilico"
        },
        "osDiskType": {
            "value": "Standard_LRS"
        },
        "osDiskDeleteOption": {
            "value": "Delete"
        },
        "virtualMachineSize": {
            "value": "Standard_B2ms"
        },
        "nicDeleteOption": {
            "value": "Delete"
        },
        "adminUsername": {
            "value": "rian"
        },
        "adminPassword": {
            "value": null
        },
        "patchMode": {
            "value": "AutomaticByOS"
        },
        "enableHotpatching": {
            "value": false
        }
    }
}