{
    "$schema": "https://schema.management.azure.com/schemas/2015-01-01/deploymentParameters.json#",
    "contentVersion": "1.0.0.0",
    "parameters": {
        "location": {
            "value": "eastus"
        },
        "networkInterfaceName": {
            "value": "vmws10a537"
        },
        "networkSecurityGroupId": {
            "value": "/subscriptions/411a3a82-52c3-477a-a776-6b8c95cc8f93/resourceGroups/pavilico/providers/Microsoft.Network/networkSecurityGroups/nsgPavilicoPbl"
        },
        "subnetName": {
            "value": "vnet10"
        },
        "virtualNetworkId": {
            "value": "/subscriptions/411a3a82-52c3-477a-a776-6b8c95cc8f93/resourceGroups/pavilico/providers/Microsoft.Network/virtualNetworks/vnetPavilico"
        },
        "publicIpAddressId": {
            "value": "/subscriptions/411a3a82-52c3-477a-a776-6b8c95cc8f93/resourceGroups/pavilico/providers/Microsoft.Network/publicIPAddresses/pipws10a"
        },
        "pipDeleteOption": {
            "value": "Delete"
        },
        "virtualMachineName": {
            "value": "vmws10a"
        },
        "virtualMachineComputerName": {
            "value": "vmws10a"
        },
        "virtualMachineRG": {
            "value": "pavilico"
        },
        "osDiskType": {
            "value": "Standard_LRS"
        },
        "osDiskDeleteOption": {
            "value": "Delete"
        },
        "virtualMachineSize": {
            "value": "Standard_B2ms"
        },
        "nicDeleteOption": {
            "value": "Delete"
        },
        "adminUsername": {
            "value": "rian"
        },
        "adminPassword": {
            "value": null
        },
        "patchMode": {
            "value": "Manual"
        },
        "enableHotpatching": {
            "value": false
        },
        "autoShutdownStatus": {
            "value": "Enabled"
        },
        "autoShutdownTime": {
            "value": "23:00"
        },
        "autoShutdownTimeZone": {
            "value": "SE Asia Standard Time"
        },
        "autoShutdownNotificationStatus": {
            "value": "Disabled"
        },
        "autoShutdownNotificationLocale": {
            "value": "en"
        }
    }
}