{
    "$schema": "https://schema.management.azure.com/schemas/2015-01-01/deploymentParameters.json#",
    "contentVersion": "1.0.0.0",
    "parameters": {
        "location": {
            "value": "eastus"
        },
        "extendedLocation": {
            "value": {}
        },
        "virtualNetworkName": {
            "value": "vnetPavilico"
        },
        "resourceGroup": {
            "value": "pavilico"
        },
        "addressSpaces": {
            "value": [
                "10.0.0.0/16"
            ]
        },
        "ipv6Enabled": {
            "value": false
        },
        "subnetCount": {
            "value": 2
        },
        "subnet0_name": {
            "value": "vnet10"
        },
        "subnet0_addressRange": {
            "value": "10.0.10.0/27"
        },
        "subnet1_name": {
            "value": "vnet11"
        },
        "subnet1_addressRange": {
            "value": "10.0.11.0/27"
        },
        "ddosProtectionPlanEnabled": {
            "value": false
        },
        "firewallEnabled": {
            "value": false
        },
        "bastionEnabled": {
            "value": false
        }
    }
}