{
    "$schema": "https://schema.management.azure.com/schemas/2015-01-01/deploymentParameters.json#",
    "contentVersion": "1.0.0.0",
    "parameters": {
        "location": {
            "value": "eastus"
        },
        "extendedLocation": {
            "value": {}
        },
        "sku": {
            "value": "Standard"
        },
        "name": {
            "value": "pipws10a"
        },
        "publicIPAllocationMethod": {
            "value": "Static"
        },
        "idleTimeoutInMinutes": {
            "value": 4
        },
        "publicIpAddressVersion": {
            "value": "IPv4"
        },
        "tier": {
            "value": "Regional"
        },
        "domainNameLabel": {
            "value": "pipws10a"
        }
    }
}